date,open,high,low,close,volume
08/20/2026,408.60,417.96,407.7183,416.00,10447900
08/21/2026,423.015,425.68,416.70,418.95,8947202
08/24/2026,413.87,414.34,405.15,410.12,10645650
08/25/2026,414.585,419.7695,414.03,417.41,7049839
08/26/2026,418.45,420.75,414.41,417.69,7449310
08/27/2026,423.015,429.64,420.53,427.30,12749850
08/28/2026,427.49,429.12,417.32,417.52,8896896
08/31/2026,417.23,423.80,414.6001,415.32,6747964
09/01/2026,417.80,418.62,412.065,414.00,7928439
09/02/2026,413.20,416.50,411.27,415.50,6301000
09/03/2026,413.29,417.30,407.815,417.01,7827764
09/04/2026,421.88,429.82,419.42,428.91,12283900
09/08/2026,438.02,444.29,433.72,439.00,13088880
09/09/2026,434.46,439.40,431.87,435.36,7499342
09/10/2026,426.44,432.5299,424.05,428.03,8368064
09/11/2026,431.55,435.37,428.90,433.24,10638190
09/14/2026,416.01,424.45,416.01,418.01,14305940
09/15/2026,421.94,421.94,412.55,413.75,9462223
09/16/2026,418.20,419.85,413.88,417.72,10490910
09/17/2026,424.40,430.53,423.39,430.26,12447740
09/18/2026,429.04,434.8165,428.98,434.67,12905090
09/21/2026,440.80,445.72,437.06,445.14,9943057
09/22/2026,441.22,452.88,441.20,452.00,11255990
09/23/2026,449.79,450.88,442.87,446.57,10181330
09/24/2026,441.80,452.56,440.60,451.15,7720294
09/25/2026,452.395,455.03,449.01,450.61,7759125
09/28/2026,448.39,455.2718,443.11,452.88,7874454
09/29/2026,452.27,459.43,447.07,456.94,9939606
09/30/2026,456.74,461.87,454.90,456.19,8983433
10/01/2026,457.265,460.415,453.461,459.20,8221352
